{"cameraMode":{"drawMode":0,"name":"Shaded","section":"Shading Mode"},"sceneLighting":false,"audioPlay":false,"sceneViewState":{"showFog":true,"showMaterialUpdate":false,"showSkybox":true,"showFlares":true,"showImageEffects":true,"showParticleSystems":true},"in2DMode":false,"pivot":{"x":0.0,"y":5.000763416290283,"z":-0.550000011920929},"rotation":{"x":0.0546758696436882,"y":-0.08645261079072952,"z":0.004741762764751911,"w":0.9947431683540344},"size":11.732544898986817,"orthographic":false}