{"cameraMode":{"drawMode":0,"name":"Shaded","section":"Shading Mode"},"sceneLighting":false,"audioPlay":false,"sceneViewState":{"showFog":true,"showMaterialUpdate":false,"showSkybox":true,"showFlares":true,"showImageEffects":true,"showParticleSystems":true},"in2DMode":false,"pivot":{"x":1.1350994110107422,"y":4.937197685241699,"z":-4.998300075531006},"rotation":{"x":0.16395778954029084,"y":-0.009464109316468239,"z":0.0015625514788553119,"w":0.986420750617981},"size":2.5009124279022219,"orthographic":false}