{"cameraMode":{"drawMode":0,"name":"Shaded","section":"Shading Mode"},"sceneLighting":false,"audioPlay":false,"sceneViewState":{"showFog":true,"showMaterialUpdate":false,"showSkybox":true,"showFlares":true,"showImageEffects":true,"showParticleSystems":true},"in2DMode":false,"pivot":{"x":0.0,"y":5.000763416290283,"z":-0.44999998807907107},"rotation":{"x":-0.01756911911070347,"y":0.2785273790359497,"z":0.00508457375690341,"w":0.9602541327476502},"size":23.406780242919923,"orthographic":false}